{"model_name": "LinearRegression", "train_metrics": {"R2": 0.6584858747143252, "RMSE": 15587.125152179793, "MAE": 7823.715383810519}, "val_metrics": {"R2": 0.698691907402074, "RMSE": 14325.583454531523, "MAE": 8154.250623073701}}