{"R2": 0.4548729658126831, "RMSE": 24296.568975886286, "MAE": 10485.6611328125}